{"cameraMode":{"drawMode":0,"name":"Shaded","section":"Shading Mode"},"sceneLighting":true,"audioPlay":false,"sceneViewState":{"showFog":true,"showMaterialUpdate":false,"showSkybox":true,"showFlares":true,"showImageEffects":true,"showParticleSystems":true},"in2DMode":false,"pivot":{"x":-1.8708951473236085,"y":-0.6230088472366333,"z":7.087318420410156},"rotation":{"x":-0.10577376931905747,"y":0.12406013160943985,"z":-0.013301297090947628,"w":-0.9865335822105408},"size":17.721960067749025,"orthographic":false}