{"cameraMode":{"drawMode":0,"name":"Shaded","section":"Shading Mode"},"sceneLighting":true,"audioPlay":false,"sceneViewState":{"showFog":true,"showMaterialUpdate":false,"showSkybox":true,"showFlares":true,"showImageEffects":true,"showParticleSystems":true},"in2DMode":false,"pivot":{"x":-4.482781887054443,"y":1.9221067428588868,"z":-3.374222755432129},"rotation":{"x":0.42419207096099856,"y":0.054300591349601749,"z":-0.02544640377163887,"w":0.903616189956665},"size":14.052827835083008,"orthographic":false}