{"cameraMode":{"drawMode":0,"name":"Shaded","section":"Shading Mode"},"sceneLighting":true,"audioPlay":false,"sceneViewState":{"showFog":true,"showMaterialUpdate":false,"showSkybox":false,"showFlares":true,"showImageEffects":true,"showParticleSystems":true},"in2DMode":false,"pivot":{"x":-6.039999961853027,"y":0.19999980926513673,"z":5.229999542236328},"rotation":{"x":0.17296579480171204,"y":-0.10761339217424393,"z":0.019022824242711068,"w":0.9788546562194824},"size":40.010372161865237,"orthographic":true}