{"cameraMode":{"drawMode":0,"name":"Shaded","section":"Shading Mode"},"sceneLighting":true,"audioPlay":false,"sceneViewState":{"showFog":true,"showMaterialUpdate":false,"showSkybox":true,"showFlares":true,"showImageEffects":true,"showParticleSystems":true},"in2DMode":false,"pivot":{"x":451.5448303222656,"y":250.3531036376953,"z":-7.5500078201293949},"rotation":{"x":0.022498006001114847,"y":0.0029992174822837116,"z":-0.00006749728345312178,"w":0.9997429847717285},"size":721.4271240234375,"orthographic":true}