{"cameraMode":{"drawMode":0,"name":"Shaded","section":"Shading Mode"},"sceneLighting":true,"audioPlay":false,"sceneViewState":{"showFog":true,"showMaterialUpdate":false,"showSkybox":true,"showFlares":true,"showImageEffects":true,"showParticleSystems":true},"in2DMode":false,"pivot":{"x":-0.6276593208312988,"y":-0.6149206161499023,"z":0.7399769425392151},"rotation":{"x":0.4377181828022003,"y":-0.42541834712028506,"z":0.24742965400218965,"w":0.7525483965873718},"size":5.533632755279541,"orthographic":false}