{"cameraMode":{"drawMode":0,"name":"Shaded","section":"Shading Mode"},"sceneLighting":true,"audioPlay":false,"sceneViewState":{"showFog":true,"showMaterialUpdate":false,"showSkybox":true,"showFlares":true,"showImageEffects":true,"showParticleSystems":true},"in2DMode":false,"pivot":{"x":-1.9288173913955689,"y":-3.916158676147461,"z":0.35001230239868166},"rotation":{"x":0.43201112747192385,"y":-0.49467387795448305,"z":0.31103262305259707,"w":0.6870595812797546},"size":5.533632755279541,"orthographic":false}