{"cameraMode":{"drawMode":0,"name":"Shaded","section":"Shading Mode"},"sceneLighting":true,"audioPlay":false,"sceneViewState":{"showFog":true,"showMaterialUpdate":false,"showSkybox":true,"showFlares":true,"showImageEffects":true,"showParticleSystems":true},"in2DMode":false,"pivot":{"x":2.18894362449646,"y":0.006047725677490234,"z":-2.4160261154174806},"rotation":{"x":0.47467026114463808,"y":0.2756180465221405,"z":-0.15936365723609925,"w":0.8206037282943726},"size":20.482942581176759,"orthographic":false}