{"cameraMode":{"drawMode":0,"name":"Shaded","section":"Shading Mode"},"sceneLighting":false,"audioPlay":false,"sceneViewState":{"showFog":true,"showMaterialUpdate":false,"showSkybox":false,"showFlares":true,"showImageEffects":true,"showParticleSystems":true},"in2DMode":false,"pivot":{"x":4.420000076293945,"y":0.024000167846679689,"z":0.25},"rotation":{"x":0.47467026114463808,"y":0.2756180465221405,"z":-0.15936365723609925,"w":0.8206037282943726},"size":34.29460525512695,"orthographic":false}